<?xml version="1.0" encoding="UTF-8"?>
<project version="4">
  <component name="AppInsightsSettings">
    <option name="selectedTabId" value="Android Vitals" />
    <option name="tabSettings">
      <map>
        <entry key="Firebase Crashlytics">
          <value>
            <InsightsFilterSettings>
              <option name="connection">
                <ConnectionSetting>
                  <option name="appId" value="com.example.travelagency" />
                  <option name="mobileSdkAppId" value="1:666262204724:android:7d3b41fd9f27ef49de3561" />
                  <option name="projectId" value="travel-agency-fcd6c" />
                  <option name="projectNumber" value="666262204724" />
                </ConnectionSetting>
              </option>
              <option name="signal" value="SIGNAL_UNSPECIFIED" />
              <option name="timeIntervalDays" value="THIRTY_DAYS" />
              <option name="visibilityType" value="ALL" />
            </InsightsFilterSettings>
          </value>
        </entry>
      </map>
    </option>
  </component>
</project>