<?xml version="1.0" encoding="UTF-8"?>
<project version="4">
  <component name="deploymentTargetSelector">
    <selectionStates>
      <SelectionState runConfigName="app">
        <option name="selectionMode" value="DROPDOWN" />
        <DropdownSelection timestamp="2025-01-01T20:41:48.828386300Z">
          <Target type="DEFAULT_BOOT">
            <handle>
              <DeviceId pluginId="PhysicalDevice" identifier="serial=109933741B005009" />
            </handle>
          </Target>
        </DropdownSelection>
        <DialogSelection />
      </SelectionState>
    </selectionStates>
  </component>
</project>