{
  "project_info": {
    "project_number": "666262204724",
    "project_id": "travel-agency-fcd6c",
    "storage_bucket": "travel-agency-fcd6c.firebasestorage.app"
  },
  "client": [
    {
      "client_info": {
        "mobilesdk_app_id": "1:666262204724:android:7d3b41fd9f27ef49de3561",
        "android_client_info": {
          "package_name": "com.example.travelagency"
        }
      },
      "oauth_client": [],
      "api_key": [
        {
          "current_key": "AIzaSyDkEgO8JqegmEv1QqoEsghH5kIcxGaZ504"
        }
      ],
      "services": {
        "appinvite_service": {
          "other_platform_oauth_client": []
        }
      }
    }
  ],
  "configuration_version": "1"
}